{
    "anthropic_harmless": 0.6932921447484555,
    "anthropic_helpful": 0.6871770025839793,
    "anthropic_hhh": 0.8190045248868778,
    "chat_template": "tokenizer",
    "model": "internlm/internlm2-1_8b-reward",
    "model_type": "Seq. Classifier",
    "mtbench_gpt4": 0.9058333333333334,
    "mtbench_human": 0.7415797317436662,
    "shp": 0.630097645031591,
    "summarize": 0.6773333333333333
}